country,region,flag,country_alt,alpha2,alpha3,numeric
Afghanistan,East Mediterranean,ğŸ‡¦ğŸ‡«,Afghanistan,AF,AFG,4
Albania,Europe,ğŸ‡¦ğŸ‡±,Albania,AL,ALB,8
Algeria,Africa,ğŸ‡©ğŸ‡¿,Algeria,DZ,DZA,12
Andorra,Europe,ğŸ‡¦ğŸ‡©,Andorra,AD,AND,20
Angola,Africa,ğŸ‡¦ğŸ‡´,Angola,AO,AGO,24
Antigua and Barbuda,Americas,ğŸ‡¦ğŸ‡¬,Antigua & Barbuda,AG,ATG,28
Argentina,Americas,ğŸ‡¦ğŸ‡·,Argentina,AR,ARG,32
Armenia,Europe,ğŸ‡¦ğŸ‡²,Armenia,AM,ARM,51
Australia,West Pacific,ğŸ‡¦ğŸ‡º,Australia,AU,AUS,36
Austria,Europe,ğŸ‡¦ğŸ‡¹,Austria,AT,AUT,40
Azerbaijan,Europe,ğŸ‡¦ğŸ‡¿,Azerbaijan,AZ,AZE,31
Bahamas,Americas,ğŸ‡§ğŸ‡¸,Bahamas,BS,BHS,44
Bahrain,East Mediterranean,ğŸ‡§ğŸ‡­,Bahrain,BH,BHR,48
Bangladesh,SE Asia,ğŸ‡§ğŸ‡©,Bangladesh,BD,BGD,50
Barbados,Americas,ğŸ‡§ğŸ‡§,Barbados,BB,BRB,52
Belarus,Europe,ğŸ‡§ğŸ‡¾,Belarus,BY,BLR,112
Belgium,Europe,ğŸ‡§ğŸ‡ª,Belgium,BE,BEL,56
Belize,Americas,ğŸ‡§ğŸ‡¿,Belize,BZ,BLZ,84
Benin,Africa,ğŸ‡§ğŸ‡¯,Benin,BJ,BEN,204
Bhutan,SE Asia,ğŸ‡§ğŸ‡¹,Bhutan,BT,BTN,64
Bolivia (Plurinational State of),Americas,ğŸ‡§ğŸ‡´,Bolivia,BO,BOL,68
Bosnia and Herzegovina,Europe,ğŸ‡§ğŸ‡¦,Bosnia & Herzegovina,BA,BIH,70
Botswana,Africa,ğŸ‡§ğŸ‡¼,Botswana,BW,BWA,72
Brazil,Americas,ğŸ‡§ğŸ‡·,Brazil,BR,BRA,76
Brunei Darussalam,West Pacific,ğŸ‡§ğŸ‡³,Brunei,BN,BRN,96
Bulgaria,Europe,ğŸ‡§ğŸ‡¬,Bulgaria,BG,BGR,100
Burkina Faso,Africa,ğŸ‡§ğŸ‡«,Burkina Faso,BF,BFA,854
Burundi,Africa,ğŸ‡§ğŸ‡®,Burundi,BI,BDI,108
Cabo Verde,Africa,ğŸ‡¨ğŸ‡»,Cape Verde,CV,CPV,132
Cambodia,West Pacific,ğŸ‡°ğŸ‡­,Cambodia,KH,KHM,116
Cameroon,Africa,ğŸ‡¨ğŸ‡²,Cameroon,CM,CMR,120
Canada,Americas,ğŸ‡¨ğŸ‡¦,Canada,CA,CAN,124
Central African Republic,Africa,ğŸ‡¨ğŸ‡«,Central African Republic,CF,CAF,140
Chad,Africa,ğŸ‡¹ğŸ‡©,Chad,TD,TCD,148
Chile,Americas,ğŸ‡¨ğŸ‡±,Chile,CL,CHL,152
China,West Pacific,ğŸ‡¨ğŸ‡³,China,CN,CHN,156
Colombia,Americas,ğŸ‡¨ğŸ‡´,Colombia,CO,COL,170
Comoros,Africa,ğŸ‡°ğŸ‡²,Comoros,KM,COM,174
Congo,Africa,ğŸ‡¨ğŸ‡¬,Congo - Brazzaville,CG,COG,178
Cook Islands,West Pacific,ğŸ‡¨ğŸ‡°,Cook Islands,CK,COK,184
Costa Rica,Americas,ğŸ‡¨ğŸ‡·,Costa Rica,CR,CRI,188
CÃ´te dâ€™Ivoire,Africa,ğŸ‡¨ğŸ‡®,CÃ´te dâ€™Ivoire,CI,CIV,384
Croatia,Europe,ğŸ‡­ğŸ‡·,Croatia,HR,HRV,191
Cuba,Americas,ğŸ‡¨ğŸ‡º,Cuba,CU,CUB,192
Cyprus,Europe,ğŸ‡¨ğŸ‡¾,Cyprus,CY,CYP,196
Czechia,Europe,ğŸ‡¨ğŸ‡¿,Czechia,CZ,CZE,203
Democratic People's Republic of Korea,SE Asia,ğŸ‡°ğŸ‡µ,North Korea,KP,PRK,408
Democratic Republic of the Congo,Africa,ğŸ‡¨ğŸ‡©,Congo - Kinshasa,CD,COD,180
Denmark,Europe,ğŸ‡©ğŸ‡°,Denmark,DK,DNK,208
Djibouti,East Mediterranean,ğŸ‡©ğŸ‡¯,Djibouti,DJ,DJI,262
Dominica,Americas,ğŸ‡©ğŸ‡²,Dominica,DM,DMA,212
Dominican Republic,Americas,ğŸ‡©ğŸ‡´,Dominican Republic,DO,DOM,214
Ecuador,Americas,ğŸ‡ªğŸ‡¨,Ecuador,EC,ECU,218
Egypt,East Mediterranean,ğŸ‡ªğŸ‡¬,Egypt,EG,EGY,818
El Salvador,Americas,ğŸ‡¸ğŸ‡»,El Salvador,SV,SLV,222
Equatorial Guinea,Africa,ğŸ‡¬ğŸ‡¶,Equatorial Guinea,GQ,GNQ,226
Eritrea,Africa,ğŸ‡ªğŸ‡·,Eritrea,ER,ERI,232
Estonia,Europe,ğŸ‡ªğŸ‡ª,Estonia,EE,EST,233
Eswatini,Africa,ğŸ‡¸ğŸ‡¿,Eswatini,SZ,SWZ,748
Ethiopia,Africa,ğŸ‡ªğŸ‡¹,Ethiopia,ET,ETH,231
Fiji,West Pacific,ğŸ‡«ğŸ‡¯,Fiji,FJ,FJI,242
Finland,Europe,ğŸ‡«ğŸ‡®,Finland,FI,FIN,246
France,Europe,ğŸ‡«ğŸ‡·,France,FR,FRA,250
Gabon,Africa,ğŸ‡¬ğŸ‡¦,Gabon,GA,GAB,266
Gambia,Africa,ğŸ‡¬ğŸ‡²,Gambia,GM,GMB,270
Georgia,Europe,ğŸ‡¬ğŸ‡ª,Georgia,GE,GEO,268
Germany,Europe,ğŸ‡©ğŸ‡ª,Germany,DE,DEU,276
Ghana,Africa,ğŸ‡¬ğŸ‡­,Ghana,GH,GHA,288
Greece,Europe,ğŸ‡¬ğŸ‡·,Greece,GR,GRC,300
Grenada,Americas,ğŸ‡¬ğŸ‡©,Grenada,GD,GRD,308
Guatemala,Americas,ğŸ‡¬ğŸ‡¹,Guatemala,GT,GTM,320
Guinea,Africa,ğŸ‡¬ğŸ‡³,Guinea,GN,GIN,324
Guinea-Bissau,Africa,ğŸ‡¬ğŸ‡¼,Guinea-Bissau,GW,GNB,624
Guyana,Americas,ğŸ‡¬ğŸ‡¾,Guyana,GY,GUY,328
Haiti,Americas,ğŸ‡­ğŸ‡¹,Haiti,HT,HTI,332
Honduras,Americas,ğŸ‡­ğŸ‡³,Honduras,HN,HND,340
Hungary,Europe,ğŸ‡­ğŸ‡º,Hungary,HU,HUN,348
Iceland,Europe,ğŸ‡®ğŸ‡¸,Iceland,IS,ISL,352
India,SE Asia,ğŸ‡®ğŸ‡³,India,IN,IND,356
Indonesia,SE Asia,ğŸ‡®ğŸ‡©,Indonesia,ID,IDN,360
Iran (Islamic Republic of),East Mediterranean,ğŸ‡®ğŸ‡·,Iran,IR,IRN,364
Iraq,East Mediterranean,ğŸ‡®ğŸ‡¶,Iraq,IQ,IRQ,368
Ireland,Europe,ğŸ‡®ğŸ‡ª,Ireland,IE,IRL,372
Israel,Europe,ğŸ‡®ğŸ‡±,Israel,IL,ISR,376
Italy,Europe,ğŸ‡®ğŸ‡¹,Italy,IT,ITA,380
Jamaica,Americas,ğŸ‡¯ğŸ‡²,Jamaica,JM,JAM,388
Japan,West Pacific,ğŸ‡¯ğŸ‡µ,Japan,JP,JPN,392
Jordan,East Mediterranean,ğŸ‡¯ğŸ‡´,Jordan,JO,JOR,400
Kazakhstan,Europe,ğŸ‡°ğŸ‡¿,Kazakhstan,KZ,KAZ,398
Kenya,Africa,ğŸ‡°ğŸ‡ª,Kenya,KE,KEN,404
Kiribati,West Pacific,ğŸ‡°ğŸ‡®,Kiribati,KI,KIR,296
Kuwait,East Mediterranean,ğŸ‡°ğŸ‡¼,Kuwait,KW,KWT,414
Kyrgyzstan,Europe,ğŸ‡°ğŸ‡¬,Kyrgyzstan,KG,KGZ,417
Lao People's Democratic Republic,West Pacific,ğŸ‡±ğŸ‡¦,Laos,LA,LAO,418
Latvia,Europe,ğŸ‡±ğŸ‡»,Latvia,LV,LVA,428
Lebanon,East Mediterranean,ğŸ‡±ğŸ‡§,Lebanon,LB,LBN,422
Lesotho,Africa,ğŸ‡±ğŸ‡¸,Lesotho,LS,LSO,426
Liberia,Africa,ğŸ‡±ğŸ‡·,Liberia,LR,LBR,430
Libya,East Mediterranean,ğŸ‡±ğŸ‡¾,Libya,LY,LBY,434
Lithuania,Europe,ğŸ‡±ğŸ‡¹,Lithuania,LT,LTU,440
Luxembourg,Europe,ğŸ‡±ğŸ‡º,Luxembourg,LU,LUX,442
Madagascar,Africa,ğŸ‡²ğŸ‡¬,Madagascar,MG,MDG,450
Malawi,Africa,ğŸ‡²ğŸ‡¼,Malawi,MW,MWI,454
Malaysia,West Pacific,ğŸ‡²ğŸ‡¾,Malaysia,MY,MYS,458
Maldives,SE Asia,ğŸ‡²ğŸ‡»,Maldives,MV,MDV,462
Mali,Africa,ğŸ‡²ğŸ‡±,Mali,ML,MLI,466
Malta,Europe,ğŸ‡²ğŸ‡¹,Malta,MT,MLT,470
Marshall Islands,West Pacific,ğŸ‡²ğŸ‡­,Marshall Islands,MH,MHL,584
Mauritania,Africa,ğŸ‡²ğŸ‡·,Mauritania,MR,MRT,478
Mauritius,Africa,ğŸ‡²ğŸ‡º,Mauritius,MU,MUS,480
Mexico,Americas,ğŸ‡²ğŸ‡½,Mexico,MX,MEX,484
Micronesia (Federated States of),West Pacific,ğŸ‡«ğŸ‡²,Micronesia,FM,FSM,583
Monaco,Europe,ğŸ‡²ğŸ‡¨,Monaco,MC,MCO,492
Mongolia,West Pacific,ğŸ‡²ğŸ‡³,Mongolia,MN,MNG,496
Montenegro,Europe,ğŸ‡²ğŸ‡ª,Montenegro,ME,MNE,499
Morocco,East Mediterranean,ğŸ‡²ğŸ‡¦,Morocco,MA,MAR,504
Mozambique,Africa,ğŸ‡²ğŸ‡¿,Mozambique,MZ,MOZ,508
Myanmar,SE Asia,ğŸ‡²ğŸ‡²,Myanmar (Burma),MM,MMR,104
Namibia,Africa,ğŸ‡³ğŸ‡¦,Namibia,,NAM,516
Nauru,West Pacific,ğŸ‡³ğŸ‡·,Nauru,NR,NRU,520
Nepal,SE Asia,ğŸ‡³ğŸ‡µ,Nepal,NP,NPL,524
Netherlands,Europe,ğŸ‡³ğŸ‡±,Netherlands,NL,NLD,528
New Zealand,West Pacific,ğŸ‡³ğŸ‡¿,New Zealand,NZ,NZL,554
Nicaragua,Americas,ğŸ‡³ğŸ‡®,Nicaragua,NI,NIC,558
Niger,Africa,ğŸ‡³ğŸ‡ª,Niger,NE,NER,562
Nigeria,Africa,ğŸ‡³ğŸ‡¬,Nigeria,NG,NGA,566
Niue,West Pacific,ğŸ‡³ğŸ‡º,Niue,NU,NIU,570
The former Yugoslav Republic of Macedonia,Europe,ğŸ‡²ğŸ‡°,North Macedonia,MK,MKD,807
Norway,Europe,ğŸ‡³ğŸ‡´,Norway,NO,NOR,578
Oman,East Mediterranean,ğŸ‡´ğŸ‡²,Oman,OM,OMN,512
Pakistan,East Mediterranean,ğŸ‡µğŸ‡°,Pakistan,PK,PAK,586
Palau,West Pacific,ğŸ‡µğŸ‡¼,Palau,PW,PLW,585
Panama,Americas,ğŸ‡µğŸ‡¦,Panama,PA,PAN,591
Papua New Guinea,West Pacific,ğŸ‡µğŸ‡¬,Papua New Guinea,PG,PNG,598
Paraguay,Americas,ğŸ‡µğŸ‡¾,Paraguay,PY,PRY,600
Peru,Americas,ğŸ‡µğŸ‡ª,Peru,PE,PER,604
Philippines,West Pacific,ğŸ‡µğŸ‡­,Philippines,PH,PHL,608
Poland,Europe,ğŸ‡µğŸ‡±,Poland,PL,POL,616
Portugal,Europe,ğŸ‡µğŸ‡¹,Portugal,PT,PRT,620
Qatar,East Mediterranean,ğŸ‡¶ğŸ‡¦,Qatar,QA,QAT,634
Republic of Korea,West Pacific,ğŸ‡°ğŸ‡·,South Korea,KR,KOR,410
Republic of Moldova,Europe,ğŸ‡²ğŸ‡©,Moldova,MD,MDA,498
Romania,Europe,ğŸ‡·ğŸ‡´,Romania,RO,ROU,642
Russian Federation,Europe,ğŸ‡·ğŸ‡º,Russia,RU,RUS,643
Rwanda,Africa,ğŸ‡·ğŸ‡¼,Rwanda,RW,RWA,646
Saint Kitts and Nevis,Americas,ğŸ‡°ğŸ‡³,St. Kitts & Nevis,KN,KNA,659
Saint Lucia,Americas,ğŸ‡±ğŸ‡¨,St. Lucia,LC,LCA,662
Saint Vincent and the Grenadines,Americas,ğŸ‡»ğŸ‡¨,St. Vincent & Grenadines,VC,VCT,670
Samoa,West Pacific,ğŸ‡¼ğŸ‡¸,Samoa,WS,WSM,882
San Marino,Europe,ğŸ‡¸ğŸ‡²,San Marino,SM,SMR,674
Sao Tome and Principe,Africa,ğŸ‡¸ğŸ‡¹,SÃ£o TomÃ© & PrÃ­ncipe,ST,STP,678
Saudi Arabia,East Mediterranean,ğŸ‡¸ğŸ‡¦,Saudi Arabia,SA,SAU,682
Senegal,Africa,ğŸ‡¸ğŸ‡³,Senegal,SN,SEN,686
Serbia,Europe,ğŸ‡·ğŸ‡¸,Serbia,RS,SRB,688
Seychelles,Africa,ğŸ‡¸ğŸ‡¨,Seychelles,SC,SYC,690
Sierra Leone,Africa,ğŸ‡¸ğŸ‡±,Sierra Leone,SL,SLE,694
Singapore,West Pacific,ğŸ‡¸ğŸ‡¬,Singapore,SG,SGP,702
Slovakia,Europe,ğŸ‡¸ğŸ‡°,Slovakia,SK,SVK,703
Slovenia,Europe,ğŸ‡¸ğŸ‡®,Slovenia,SI,SVN,705
Solomon Islands,West Pacific,ğŸ‡¸ğŸ‡§,Solomon Islands,SB,SLB,90
Somalia,East Mediterranean,ğŸ‡¸ğŸ‡´,Somalia,SO,SOM,706
South Africa,Africa,ğŸ‡¿ğŸ‡¦,South Africa,ZA,ZAF,710
South Sudan,Africa,ğŸ‡¸ğŸ‡¸,South Sudan,SS,SSD,728
Spain,Europe,ğŸ‡ªğŸ‡¸,Spain,ES,ESP,724
Sri Lanka,SE Asia,ğŸ‡±ğŸ‡°,Sri Lanka,LK,LKA,144
Sudan,East Mediterranean,ğŸ‡¸ğŸ‡©,Sudan,SD,SDN,729
Suriname,Americas,ğŸ‡¸ğŸ‡·,Suriname,SR,SUR,740
Sweden,Europe,ğŸ‡¸ğŸ‡ª,Sweden,SE,SWE,752
Switzerland,Europe,ğŸ‡¨ğŸ‡­,Switzerland,CH,CHE,756
Syrian Arab Republic,East Mediterranean,ğŸ‡¸ğŸ‡¾,Syria,SY,SYR,760
Tajikistan,Europe,ğŸ‡¹ğŸ‡¯,Tajikistan,TJ,TJK,762
Thailand,SE Asia,ğŸ‡¹ğŸ‡­,Thailand,TH,THA,764
Timor-Leste,SE Asia,ğŸ‡¹ğŸ‡±,Timor-Leste,TL,TLS,626
Togo,Africa,ğŸ‡¹ğŸ‡¬,Togo,TG,TGO,768
Tonga,West Pacific,ğŸ‡¹ğŸ‡´,Tonga,TO,TON,776
Trinidad and Tobago,Americas,ğŸ‡¹ğŸ‡¹,Trinidad & Tobago,TT,TTO,780
Tunisia,East Mediterranean,ğŸ‡¹ğŸ‡³,Tunisia,TN,TUN,788
Turkey,Europe,ğŸ‡¹ğŸ‡·,Turkey,TR,TUR,792
Turkmenistan,Europe,ğŸ‡¹ğŸ‡²,Turkmenistan,TM,TKM,795
Tuvalu,West Pacific,ğŸ‡¹ğŸ‡»,Tuvalu,TV,TUV,798
Uganda,Africa,ğŸ‡ºğŸ‡¬,Uganda,UG,UGA,800
Ukraine,Europe,ğŸ‡ºğŸ‡¦,Ukraine,UA,UKR,804
United Arab Emirates,East Mediterranean,ğŸ‡¦ğŸ‡ª,United Arab Emirates,AE,ARE,784
United Kingdom of Great Britain and Northern Ireland,Europe,ğŸ‡¬ğŸ‡§,United Kingdom,GB,GBR,826
United Republic of Tanzania,Africa,ğŸ‡¹ğŸ‡¿,Tanzania,TZ,TZA,834
United States of America,Americas,ğŸ‡ºğŸ‡¸,United States,US,USA,840
Uruguay,Americas,ğŸ‡ºğŸ‡¾,Uruguay,UY,URY,858
Uzbekistan,Europe,ğŸ‡ºğŸ‡¿,Uzbekistan,UZ,UZB,860
Vanuatu,West Pacific,ğŸ‡»ğŸ‡º,Vanuatu,VU,VUT,548
Venezuela (Bolivarian Republic of),Americas,ğŸ‡»ğŸ‡ª,Venezuela,VE,VEN,862
Viet Nam,West Pacific,ğŸ‡»ğŸ‡³,Vietnam,VN,VNM,704
Yemen,East Mediterranean,ğŸ‡¾ğŸ‡ª,Yemen,YE,YEM,887
Zambia,Africa,ğŸ‡¿ğŸ‡²,Zambia,ZM,ZMB,894
Zimbabwe,Africa,ğŸ‡¿ğŸ‡¼,Zimbabwe,ZW,ZWE,716
